{
	"format_version": "1.10.0",
	"animation_controllers": {
		"controller.animation.1x2_door_closed_r": {
			"initial_state": "default",
			"states": {
				"default": {
					"transitions": [
						{
							"walking": "query.is_saddled"
						}
					],
					"on_entry": [
						"/function tp_up",
						"/function blocks1x2/door_close_r"
					]
				},
				"walking": {
					"transitions": [
						{
							"default": "query.is_saddled"
						}
					],
					"on_entry": [
						"/function tp_up",
						"/function blocks1x2/door_close_r"
					]
				}
			}
		},
		"controller.animation.1x2_door_transforming_r": {
			"initial_state": "default",
			"states": {
				"default": {
					"transitions": [
						{
							"walking": "query.is_transforming"
						}
					],
					"on_entry": [
						"/function tp_up",
						"/function blocks1x2/door_open_r"
					]
				},
				"walking": {
					"transitions": [
						{
							"default": "query.is_transforming"
						}
					],
					"on_entry": [
						"/function tp_up",
						"/function blocks1x2/door_open_r"
					]
				}
			}
		},
		"controller.animation.1x2_door_open_r": {
			"initial_state": "default",
			"states": {
				"default": {
					"transitions": [
						{
							"walking": "query.is_saddled"
						}
					],
					"on_entry": [
						"/function tp_up",
						"/function blocks1x2/door_open_r"
					]
				},
				"walking": {
					"transitions": [
						{
							"default": "query.is_saddled"
						}
					],
					"on_entry": [
						"/function tp_up",
						"/function blocks1x2/door_open_r"
					]
				}
			}
		}
	}
}