{
    "format_version": "1.10.0",
    "animation_controllers": {
        "controller.animation.electricity": {
            "initial_state": "default",
            "states": {
                "default": {
                    "transitions": [
                        {
                            "state_1": "(1.0)"
                        }
                    ]
                },
                "state_1": {
                    "on_entry": [
                        "/particle scb:electricity ~ ~ ~"
                    ],
                    "transitions": [
                        {
                            "default": "(1.0)"
                        }
                    ]
                }
            }
        }
    }
}