{
	"format_version": "1.10.0",
	"animation_controllers": {
		"controller.animation.sirider": {
			"initial_state": "default",
			"states": {
				"default": {
					"transitions": [
						{
							"ride": "query.has_rider"
						}
					],
					"on_entry": [
						"/tag @p[r=2] add in_camera",
						"/playanimation @p[r=2] animation.player.camera in_camera 1"
					]
				},
				"ride": {
					"transitions": [
						{
							"default": "query.has_rider"
						}
					],
					"on_entry": [
						"/tag @p[r=2] add in_camera",
						"/playanimation @p[r=2] animation.player.camera in_camera 1"
					]
				}
			}
		}
	}
}