{
	"format_version": "1.17.0",
	"minecraft:item": {
		"description": {
			"identifier": "emotes:emotes_item_click",
			"category": "equipment"
		},
		"components": {
			"minecraft:icon": {
				"texture": "emotes"
			},
			"minecraft:display_name": {
				"value": "Emotes | Item Click"
			},
			"minecraft:max_stack_size": 1,
			"minecraft:render_offsets": {
				"main_hand": {
					"first_person": {
						"scale": [
							0,
							0,
							0
						]
					},
					"third_person": {
						"scale": [
							0,
							0,
							0
						]
					}
				},
				"off_hand": {
					"first_person": {
						"scale": [
							0,
							0,
							0
						]
					},
					"third_person": {
						"scale": [
							0,
							0,
							0
						]
					}
				}
			},
			"minecraft:hand_equipped": true,
			"minecraft:allow_off_hand": true
		}
	}
}