{
	"format_version": "1.16.100",
	"minecraft:block": {
		"description": {
			"identifier": "scb:electrified_fence",
			"properties": {
				"propertie:connect": [
					0,
					1,
					2,
					3,
					4,
					5,
					6
				],
				"minecraft:direction": {}
			}
		},
		"components": {
			"minecraft:on_placed": {
				"event": "scb:placed"
			},
			"minecraft:creative_category": {
				"category": "construction"
			},
			"minecraft:material_instances": {
				"*": {
					"texture": "electrified_fence",
					"render_method": "opaque"
				}
			},
			"minecraft:geometry": "geometry.electrified_fence",
			"minecraft:destroy_time": 10e+10,
			"minecraft:block_light_absorption": 0,
			"minecraft:unwalkable": true,
			"minecraft:part_visibility": {
				"rules": {
					"electrified_fence": "query.block_property('propertie:connect') == 0",
					"electrified_fence_left": "query.block_property('propertie:connect') == 1",
					"electrified_fence_right": "query.block_property('propertie:connect') == 2",
					"electrified_fence_corner": "query.block_property('propertie:connect') == 3",
					"electrified_fence_2_sides": "query.block_property('propertie:connect') == 4",
					"electrified_fence_3_sides": "query.block_property('propertie:connect') == 5",
					"electrified_fence_4_sides": "query.block_property('propertie:connect') == 6"
				}
			},
			"minecraft:ticking": {
				"looping": true,
				"range": [
					0,
					0
				],
				"on_tick": {
					"event": "event:fence_connect"
				}
			},
			"minecraft:entity_collision": {
				"origin": [
					-2,
					0,
					-2
				],
				"size": [
					4,
					16,
					4
				]
			},
			"minecraft:pick_collision": {
				"origin": [
					-2,
					0,
					-2
				],
				"size": [
					4,
					16,
					4
				]
			},
			"minecraft:friction": 0.6,
			"minecraft:map_color": "#00ff00",
			"minecraft:flammable": {
				"flame_odds": 0,
				"burn_odds": 0
			},
			"minecraft:block_light_emission": 0,
			"tag:fence_connect": {}
		},
		"permutations": [
			{
				"condition": "query.block_property('minecraft:direction') == 0",
				"components": {
					"minecraft:rotation": [
						0,
						180,
						0
					],
					"tag:fence_connect_0": {}
				}
			},
			{
				"condition": "query.block_property('minecraft:direction') == 1",
				"components": {
					"minecraft:rotation": [
						0,
						0,
						0
					],
					"tag:fence_connect_1": {}
				}
			},
			{
				"condition": "query.block_property('minecraft:direction') == 2",
				"components": {
					"minecraft:rotation": [
						0,
						270,
						0
					],
					"tag:fence_connect_2": {}
				}
			},
			{
				"condition": "query.block_property('minecraft:direction') == 3",
				"components": {
					"minecraft:rotation": [
						0,
						90,
						0
					],
					"tag:fence_connect_3": {}
				}
			},
			{
				"condition": "query.block_property('propertie:connect') == 1",
				"components": {
					"minecraft:entity_collision": {
						"origin": [
							-8,
							0,
							-2
						],
						"size": [
							10,
							16,
							4
						]
					},
					"minecraft:pick_collision": {
						"origin": [
							-8,
							0,
							-2
						],
						"size": [
							10,
							16,
							4
						]
					},
					"tag:fence_left": {}
				}
			},
			{
				"condition": "query.block_property('propertie:connect') == 2",
				"components": {
					"minecraft:entity_collision": {
						"origin": [
							-2,
							0,
							-2
						],
						"size": [
							10,
							16,
							4
						]
					},
					"minecraft:pick_collision": {
						"origin": [
							-2,
							0,
							-2
						],
						"size": [
							10,
							16,
							4
						]
					},
					"tag:fence_right": {}
				}
			},
			{
				"condition": "query.block_property('propertie:connect') == 3",
				"components": {
					"minecraft:entity_collision": {
						"origin": [
							-2,
							0,
							-8
						],
						"size": [
							10,
							16,
							10
						]
					},
					"minecraft:pick_collision": {
						"origin": [
							-2,
							0,
							-8
						],
						"size": [
							10,
							16,
							10
						]
					},
					"tag:fence_corner": {}
				}
			},
			{
				"condition": "query.block_property('propertie:connect') == 4",
				"components": {
					"minecraft:entity_collision": {
						"origin": [
							-8,
							0,
							-2
						],
						"size": [
							16,
							16,
							4
						]
					},
					"minecraft:pick_collision": {
						"origin": [
							-8,
							0,
							-2
						],
						"size": [
							16,
							16,
							4
						]
					},
					"tag:fence_2_sides": {}
				}
			},
			{
				"condition": "query.block_property('propertie:connect') == 5",
				"components": {
					"minecraft:entity_collision": {
						"origin": [
							-8,
							0,
							-8
						],
						"size": [
							16,
							16,
							10
						]
					},
					"minecraft:pick_collision": {
						"origin": [
							-8,
							0,
							-8
						],
						"size": [
							16,
							16,
							10
						]
					},
					"tag:fence_3_sides": {}
				}
			},
			{
				"condition": "query.block_property('propertie:connect') == 6",
				"components": {
					"minecraft:entity_collision": {
						"origin": [
							-8,
							0,
							-8
						],
						"size": [
							16,
							16,
							16
						]
					},
					"minecraft:pick_collision": {
						"origin": [
							-8,
							0,
							-8
						],
						"size": [
							16,
							16,
							16
						]
					},
					"tag:fence_4_sides": {}
				}
			}
		],
		"events": {
			"scb:placed": {
				"run_command": {
					"command": [
						"setblock ~ ~1 ~ scb:fence_collision"
					]
				}
			},
			"event:fence_connect": {
				"sequence": [
					{
						"condition": "!query.block_neighbor_has_any_tag( -1, 0, 0, 'fence_connect', 'metal', 'wood', 'stone', 'diamond_pick_diggable', 'dirt', 'sand', 'gravel', 'grass', 'snow', 'mob_spawner' )",
						"set_block_property": {
							"minecraft:direction": 0,
							"propertie:connect": 0
						}
					},
					{
						"condition": "!query.block_neighbor_has_any_tag( 1, 0, 0, 'fence_connect', 'metal', 'wood', 'stone', 'diamond_pick_diggable', 'dirt', 'sand', 'gravel', 'grass', 'snow', 'mob_spawner' )",
						"set_block_property": {
							"minecraft:direction": 0,
							"propertie:connect": 0
						}
					},
					{
						"condition": "!query.block_neighbor_has_any_tag( 0, 0, -1, 'fence_connect', 'metal', 'wood', 'stone', 'diamond_pick_diggable', 'dirt', 'sand', 'gravel', 'grass', 'snow', 'mob_spawner' )",
						"set_block_property": {
							"minecraft:direction": 0,
							"propertie:connect": 0
						}
					},
					{
						"condition": "!query.block_neighbor_has_any_tag( 0, 0, 1, 'fence_connect', 'metal', 'wood', 'stone', 'diamond_pick_diggable', 'dirt', 'sand', 'gravel', 'grass', 'snow', 'mob_spawner' )",
						"set_block_property": {
							"minecraft:direction": 0,
							"propertie:connect": 0
						}
					},
					{
						"condition": "query.block_neighbor_has_any_tag( 0, 0, 1, 'fence_connect', 'metal', 'wood', 'stone', 'diamond_pick_diggable', 'dirt', 'sand', 'gravel', 'grass', 'snow', 'mob_spawner' )",
						"set_block_property": {
							"minecraft:direction": 2,
							"propertie:connect": 1
						}
					},
					{
						"condition": "query.block_neighbor_has_any_tag( 0, 0, -1, 'fence_connect', 'metal', 'wood', 'stone', 'diamond_pick_diggable', 'dirt', 'sand', 'gravel', 'grass', 'snow', 'mob_spawner' )",
						"set_block_property": {
							"minecraft:direction": 2,
							"propertie:connect": 2
						}
					},
					{
						"condition": "query.block_neighbor_has_any_tag( 0, 0, 1, 'fence_connect', 'fence_right', 'metal', 'wood', 'stone', 'diamond_pick_diggable', 'dirt', 'sand', 'gravel', 'grass', 'snow', 'mob_spawner' )",
						"set_block_property": {
							"minecraft:direction": 2,
							"propertie:connect": 1
						}
					},
					{
						"condition": "query.block_neighbor_has_any_tag( 0, 0, -1, 'fence_connect', 'fence_left', 'metal', 'wood', 'stone', 'diamond_pick_diggable', 'dirt', 'sand', 'gravel', 'grass', 'snow', 'mob_spawner' )",
						"set_block_property": {
							"minecraft:direction": 2,
							"propertie:connect": 2
						}
					},
					{
						"condition": "query.block_neighbor_has_any_tag( 0, 0, 1, 'fence_connect', 'fence_right', 'metal', 'wood', 'stone', 'diamond_pick_diggable', 'dirt', 'sand', 'gravel', 'grass', 'snow', 'mob_spawner' ) && query.block_neighbor_has_any_tag( 0, 0, -1, 'fence_connect', 'fence_left', 'metal', 'wood', 'stone', 'diamond_pick_diggable', 'dirt', 'sand', 'gravel', 'grass', 'snow', 'mob_spawner' )",
						"set_block_property": {
							"minecraft:direction": 2,
							"propertie:connect": 4
						}
					},
					{
						"condition": "query.block_neighbor_has_any_tag( -1, 0, 0, 'fence_connect', 'metal', 'wood', 'stone', 'diamond_pick_diggable', 'dirt', 'sand', 'gravel', 'grass', 'snow', 'mob_spawner' )",
						"set_block_property": {
							"minecraft:direction": 0,
							"propertie:connect": 1
						}
					},
					{
						"condition": "query.block_neighbor_has_any_tag( 1, 0, 0, 'fence_connect', 'metal', 'wood', 'stone', 'diamond_pick_diggable', 'dirt', 'sand', 'gravel', 'grass', 'snow', 'mob_spawner' )",
						"set_block_property": {
							"minecraft:direction": 0,
							"propertie:connect": 2
						}
					},
					{
						"condition": "query.block_neighbor_has_any_tag( -1, 0, 0, 'fence_connect', 'fence_left', 'metal', 'wood', 'stone', 'diamond_pick_diggable', 'dirt', 'sand', 'gravel', 'grass', 'snow', 'mob_spawner' )",
						"set_block_property": {
							"minecraft:direction": 0,
							"propertie:connect": 1
						}
					},
					{
						"condition": "query.block_neighbor_has_any_tag( 1, 0, 0, 'fence_connect', 'fence_right', 'metal', 'wood', 'stone', 'diamond_pick_diggable', 'dirt', 'sand', 'gravel', 'grass', 'snow', 'mob_spawner' )",
						"set_block_property": {
							"minecraft:direction": 0,
							"propertie:connect": 2
						}
					},
					{
						"condition": "query.block_neighbor_has_any_tag( -1, 0, 0, 'fence_connect', 'fence_left', 'metal', 'wood', 'stone', 'diamond_pick_diggable', 'dirt', 'sand', 'gravel', 'grass', 'snow', 'mob_spawner' ) && query.block_neighbor_has_any_tag( 1, 0, 0, 'fence_connect', 'fence_right', 'metal', 'wood', 'stone', 'diamond_pick_diggable', 'dirt', 'sand', 'gravel', 'grass', 'snow', 'mob_spawner' )",
						"set_block_property": {
							"minecraft:direction": 0,
							"propertie:connect": 4
						}
					},
					{
						"condition": "query.block_neighbor_has_any_tag( 1, 0, 0, 'fence_connect', 'metal', 'wood', 'stone', 'diamond_pick_diggable', 'dirt', 'sand', 'gravel', 'grass', 'snow', 'mob_spawner') && query.block_neighbor_has_any_tag( 0, 0, 1, 'fence_connect', 'metal', 'wood', 'stone', 'diamond_pick_diggable', 'dirt', 'sand', 'gravel', 'grass', 'snow', 'mob_spawner')",
						"set_block_property": {
							"propertie:connect": 3
						}
					},
					{
						"condition": "query.block_neighbor_has_any_tag( -1, 0, 0, 'fence_connect', 'metal', 'wood', 'stone', 'diamond_pick_diggable', 'dirt', 'sand', 'gravel', 'grass', 'snow', 'mob_spawner') && query.block_neighbor_has_any_tag( 0, 0, -1, 'fence_connect', 'metal', 'wood', 'stone', 'diamond_pick_diggable', 'dirt', 'sand', 'gravel', 'grass', 'snow', 'mob_spawner')",
						"set_block_property": {
							"minecraft:direction": 1,
							"propertie:connect": 3
						}
					},
					{
						"condition": "query.block_neighbor_has_any_tag( 1, 0, 0, 'fence_connect', 'metal', 'wood', 'stone', 'diamond_pick_diggable', 'dirt', 'sand', 'gravel', 'grass', 'snow', 'mob_spawner') && query.block_neighbor_has_any_tag( 0, 0, -1, 'fence_connect', 'metal', 'wood', 'stone', 'diamond_pick_diggable', 'dirt', 'sand', 'gravel', 'grass', 'snow', 'mob_spawner')",
						"set_block_property": {
							"minecraft:direction": 2,
							"propertie:connect": 3
						}
					},
					{
						"condition": "query.block_neighbor_has_any_tag( -1, 0, 0, 'fence_connect', 'metal', 'wood', 'stone', 'diamond_pick_diggable', 'dirt', 'sand', 'gravel', 'grass', 'snow', 'mob_spawner') && query.block_neighbor_has_any_tag( 0, 0, 1, 'fence_connect', 'metal', 'wood', 'stone', 'diamond_pick_diggable', 'dirt', 'sand', 'gravel', 'grass', 'snow', 'mob_spawner')",
						"set_block_property": {
							"minecraft:direction": 3,
							"propertie:connect": 3
						}
					},
					{
						"condition": "query.block_neighbor_has_any_tag( 0, 0, 1, 'fence_connect', 'metal', 'wood', 'stone', 'diamond_pick_diggable', 'dirt', 'sand', 'gravel', 'grass', 'snow', 'mob_spawner') && query.block_neighbor_has_any_tag( 1, 0, 0, 'fence_connect', 'metal', 'wood', 'stone', 'diamond_pick_diggable', 'dirt', 'sand', 'gravel', 'grass', 'snow', 'mob_spawner') && query.block_neighbor_has_any_tag( -1, 0, 0, 'fence_connect', 'metal', 'wood', 'stone', 'diamond_pick_diggable', 'dirt', 'sand', 'gravel', 'grass', 'snow', 'mob_spawner')",
						"set_block_property": {
							"minecraft:direction": 0,
							"propertie:connect": 5
						}
					},
					{
						"condition": "query.block_neighbor_has_any_tag( 0, 0, -1, 'fence_connect', 'metal', 'wood', 'stone', 'diamond_pick_diggable', 'dirt', 'sand', 'gravel', 'grass', 'snow', 'mob_spawner') && query.block_neighbor_has_any_tag( -1, 0, 0, 'fence_connect', 'metal', 'wood', 'stone', 'diamond_pick_diggable', 'dirt', 'sand', 'gravel', 'grass', 'snow', 'mob_spawner') && query.block_neighbor_has_any_tag( 1, 0, 0, 'fence_connect', 'metal', 'wood', 'stone', 'diamond_pick_diggable', 'dirt', 'sand', 'gravel', 'grass', 'snow', 'mob_spawner')",
						"set_block_property": {
							"minecraft:direction": 1,
							"propertie:connect": 5
						}
					},
					{
						"condition": "query.block_neighbor_has_any_tag( 1, 0, 0, 'fence_connect', 'metal', 'wood', 'stone', 'diamond_pick_diggable', 'dirt', 'sand', 'gravel', 'grass', 'snow', 'mob_spawner') && query.block_neighbor_has_any_tag( 0, 0, 1, 'fence_connect', 'metal', 'wood', 'stone', 'diamond_pick_diggable', 'dirt', 'sand', 'gravel', 'grass', 'snow', 'mob_spawner') && query.block_neighbor_has_any_tag( 0, 0, -1, 'fence_connect', 'metal', 'wood', 'stone', 'diamond_pick_diggable', 'dirt', 'sand', 'gravel', 'grass', 'snow', 'mob_spawner')",
						"set_block_property": {
							"minecraft:direction": 2,
							"propertie:connect": 5
						}
					},
					{
						"condition": "query.block_neighbor_has_any_tag( -1, 0, 0, 'fence_connect', 'metal', 'wood', 'stone', 'diamond_pick_diggable', 'dirt', 'sand', 'gravel', 'grass', 'snow', 'mob_spawner') && query.block_neighbor_has_any_tag( 0, 0, -1, 'fence_connect', 'metal', 'wood', 'stone', 'diamond_pick_diggable', 'dirt', 'sand', 'gravel', 'grass', 'snow', 'mob_spawner') && query.block_neighbor_has_any_tag( 0, 0, 1, 'fence_connect', 'metal', 'wood', 'stone', 'diamond_pick_diggable', 'dirt', 'sand', 'gravel', 'grass', 'snow', 'mob_spawner')",
						"set_block_property": {
							"minecraft:direction": 3,
							"propertie:connect": 5
						}
					},
					{
						"condition": "query.block_neighbor_has_any_tag( 1, 0, 0, 'fence_connect', 'metal', 'wood', 'stone', 'diamond_pick_diggable', 'dirt', 'sand', 'gravel', 'grass', 'snow', 'mob_spawner') && query.block_neighbor_has_any_tag( -1, 0, 0, 'fence_connect', 'metal', 'wood', 'stone', 'diamond_pick_diggable', 'dirt', 'sand', 'gravel', 'grass', 'snow', 'mob_spawner') && query.block_neighbor_has_any_tag( 0, 0, -1, 'fence_connect', 'metal', 'wood', 'stone', 'diamond_pick_diggable', 'dirt', 'sand', 'gravel', 'grass', 'snow', 'mob_spawner') && query.block_neighbor_has_any_tag( 0, 0, 1, 'fence_connect', 'metal', 'wood', 'stone', 'diamond_pick_diggable', 'dirt', 'sand', 'gravel', 'grass', 'snow', 'mob_spawner')",
						"set_block_property": {
							"minecraft:direction": 0,
							"propertie:connect": 6
						}
					},
					{
						"run_command": {
							"command": [
								"damage @p[r=1] 2"
							]
						}
					}
				]
			}
		}
	}
}