{
    "format_version": "1.17.0",
    "minecraft:block": {
        "description": {
            "identifier": "scb:enemy_sensor"
        },
        "components": {

            "minecraft:loot": "loot_tables/scb/enemy_sensor.json",
            "minecraft:destroy_time": 10e+10,
            "minecraft:block_light_filter": 0,
            "minecraft:block_light_emission": 0,
            "minecraft:geometry": "geometry.enemy_sensor_base",
            "minecraft:material_instances": {
                "*": {
                    "texture": "quartz_block_bottom",
                    "ambient_occlusion": true,
                    "face_dimming": true,
                    "render_method": "blend"
                }
            },
            "minecraft:pick_collision": {
                "origin": [
                    -6,
                    0,
                    -6
                ],
                "size": [
                    12,
                    16,
                    12
                ]
            },
            "minecraft:entity_collision": {
                "origin": [
                    -6,
                    0,
                    -6
                ],
                "size": [
                    12,
                    16,
                    12
                ]
            }
        }
    }
}