{
    "format_version": "1.17.0",
    "minecraft:block": {
        "description": {
            "identifier": "scb:fire_alarm_block"
        },
        "components": {
            "minecraft:pick_collision": false,
            "minecraft:entity_collision": {
                "size": [
                    6,
                    1,
                    6
                ],
                "origin": [
                    -3,
                    15,
                    -3
                ]
            },
            "minecraft:creative_category": {
                "category": "construction"
            },
            "minecraft:block_light_absorption": 0,
            "minecraft:destroy_time": 100000,
            "minecraft:geometry": "geometry.fire_alarm",
            "minecraft:material_instances": {
                "*": {
                    "texture": "fire_alarm",
                    "render_method": "opaque"
                }
            },
            "minecraft:explosion_resistance": 100000,
            "minecraft:placement_filter": {
                "conditions": [
                    {
                        "allowed_faces": [
                            "down"
                        ]
                    }
                ]
            },
            "minecraft:on_placed": {
                "event": "onplaced"
            }
        },
        "events": {
            "onplaced": {
                "run_command": {
                    "command": [
                        "summon scb:fire_alarm ~ ~ ~"
                    ]
                }
            }
        }
    }
}