{
    "format_version": "1.17.0",
    "minecraft:block": {
        "description": {
            "identifier": "scb:iron_bars_trap"
        },
        "components": {
            "minecraft:on_placed": {
                "event": "summon"
            },
            "minecraft:block_light_absorption": 0,
            "minecraft:creative_category": {
                "category": "construction"
            },
            "minecraft:pick_collision": false,
            "minecraft:entity_collision": {
                "size": [
                    8,
                    1,
                    8
                ],
                "origin": [
                    -4,
                    0,
                    -4
                ]
            },
            "minecraft:material_instances": {
                "*": {
                    "render_method": "blend",
                    "texture": "iron_bars_trap"
                }
            },
            "minecraft:explosion_resistance": 10000,
            "minecraft:geometry": "geometry.iron_bars_trap",
            "minecraft:destroy_time": 10000
        },
        "events": {
            "summon": {
                "run_command": {
                    "command": [
                        "summon scb:iron_trap_entity ~ ~ ~"
                    ]
                }
            }
        }
    }
}