{
    "format_version": "1.16.100",
    "minecraft:block": {
        "description": {
            "identifier": "scb:keypad_block",
            "properties": {
                "sbc:directions":[0,1,2,3]
            }
        },
        "permutations":[
            {
                "condition": "query.block_property('sbc:directions') == 0",
                "components": {
                    "minecraft:rotation": [0,180,0]
                }
            },
            {
                "condition": "query.block_property('sbc:directions') == 1",
                "components": {
                    "minecraft:rotation": [0,0,0]
                }
            },
            {
                "condition": "query.block_property('sbc:directions') == 2",
                "components": {
                    "minecraft:rotation": [0,270,0]
                }
            },
            {
                "condition": "query.block_property('sbc:directions') == 3",
                "components": {
                    "minecraft:rotation": [0,90,0]
                }
            }
        ],
        "components": {
            "minecraft:creative_category": {
                "category": "construction"
            },
            "minecraft:explosion_resistance": 100000,
            "minecraft:on_placed": {
                "event": "camera_entity"
            },
            "minecraft:destroy_time": 100000,
            "minecraft:geometry": "geometry.keypad",
            "minecraft:material_instances": {
                "*": {
                    "texture": "keypad",
                    "render_method": "opaque"
                }
            },
            "minecraft:on_player_placing": {
                "event": "sbc:placed"
            },
            "minecraft:pick_collision":{
                "origin": [
                    0,
                    0,
                    0
                ],
                "size": [
                    0,
                    0,
                    0
                ]
            },
            "minecraft:entity_collision":{
                "size": [
                    16,
                    16,
                    16
                ]
            },
            "minecraft:on_interact": {
                "condition": "query.block_property('sbc:screens') == 0",
                "event": "sbc:success_data"   
            }
        },
        "events": {
            "sbc:placed":{
                "set_block_property": {
                    "sbc:directions": "query.cardinal_facing_2d-2"
                }
            },
            "camera_entity": {
                "run_command": {
                    "command": [
                        "summon scb:keypad_entity ~ ~ ~"
                    ]
                }
            }
        }
    }
}