{
  "format_version": "1.17.0",
  "minecraft:block": {
    "description": {
      "identifier": "scb:mine_inactive"
    },
    "components": {
      "minecraft:on_placed": {
        "event": "summonmine"
      },
        "minecraft:loot": "empty.json",
        "minecraft:entity_collision": false,
        "minecraft:pick_collision": false,
        "minecraft:destroy_time": 100000,
        "minecraft:creative_category": {
            "category": "construction"
        },
      "minecraft:block_light_absorption": 0,
      "minecraft:geometry": "geometry.mine",
      "minecraft:material_instances": {
        "*": {
          "ambient_occlusion": true,
          "face_dimming": true,
          "render_method": "opaque",
          "texture": "scb_mine_inactive"
        }
      }
    },
    "events": {
      "summonmine": {
        "run_command": {
          "command": [
            "summon scb:mine_entity"
          ]
        }
      }
    }
  }
}
