{
  "format_version": "1.17.0",
  "minecraft:block": {
    "description": {
      "identifier": "scb:mine_active"
    },
    "components": {
      "minecraft:on_step_off": {
        "event": "explode"
      },
      "minecraft:on_step_on": {
        "event": "explode"
      },
        "minecraft:loot": "empty.json",
        "minecraft:entity_collision": {
          "origin": [
            -2,
            0,
            -2
          ],
          "size": [
            4,
            1,
            4
          ]
        },
        "minecraft:pick_collision": {
          "origin": [
            -2,
            0,
            -2
          ],
          "size": [
            4,
            1,
            4
          ]
        },
        "minecraft:destroy_time": 100000,
      "minecraft:block_light_absorption": 0,
      "minecraft:geometry": "geometry.mine",
      "minecraft:material_instances": {
        "*": {
          "ambient_occlusion": true,
          "face_dimming": true,
          "render_method": "opaque",
          "texture": "scb_mine_active"
        }
      }
    },
    "events": {
      "explode": {
        "run_command": {
          "command": [
            "event entity @e[r=1] scb:explode"
          ]
        }
      }
    }
  }
}
