{
	"format_version": "1.17.0",
	"minecraft:block": {
		"description": {
			"identifier": "scb:pngblocko"
		},
		"components": {
			"minecraft:block_light_absorption": 0,
			"minecraft:explosion_resistance": 1000,
			"minecraft:geometry": "geometry.pngblock",
			"minecraft:material_instances": {
				"*": {
					"texture": "pngblock",
					"render_method": "blend"
				}
			},
			"minecraft:loot": "loot_tables/empty.json",
			"minecraft:on_player_destroyed": {
				"event": "malisisdoor:remove"
			},
			"minecraft:destroy_time": 5,
			"minecraft:entity_collision": {
				"size": [
					0,
					0,
					0
				]
			},
			"minecraft:pick_collision": {
				"origin": [
					-8,
					0,
					-2
				],
				"size": [
					16,
					16,
					3
				]
			}
		},
		"events": {}
	}
}