{
	"format_version": "1.17.0",
	"minecraft:block": {
		"description": {
			"identifier": "scb:pngblockor"
		},
		"components": {
			"minecraft:destroy_time": 9,
			"minecraft:block_light_absorption": 0,
			"minecraft:explosion_resistance": 1000,
			"minecraft:geometry": "geometry.pngblock",
			"minecraft:material_instances": {
				"*": {
					"texture": "pngblock",
					"render_method": "blend"
				}
			},
			"minecraft:loot": "loot_tables/empty.json",
			"minecraft:on_player_destroyed": {
				"event": "malisisdoor:remove"
			},
			"minecraft:entity_collision": {
				"size": [
					0,
					0,
					0
				]
			},
			"minecraft:pick_collision": {
				"size": [
					3,
					16,
					16
				],
				"origin": [
					-2,
					0,
					-8
				]
			}
		},
		"events": {}
	}
}